task_name,val_BLEU_1,val_BLEU_2,val_BLEU_3,val_BLEU_4,val METEOR,val_ROUGE_L,val_CIDEr,test_BLEU_1,test_BLEU_2,test_BLEU_3,test_BLEU_4,test_METEOR,test_ROUGE_L,test_CIDEr
funtune_vlci_iuxray,0.4764819474738968,0.31769618251472026,0.2267343469183482,0.1661426319654664,0.189039229391268,0.3786065360098503,0.34902669022395844,0.4988998323553804,0.33507922082766567,0.24393060961267088,0.1825833507943773,0.20640046029010028,0.397581571543748,0.39706010060275915
