task_name,val_BLEU_1,val_BLEU_2,val_BLEU_3,val_BLEU_4,val_METEOR,val_ROUGE_L,val_CIDEr,test_BLEU_1,test_BLEU_2,test_BLEU_3,test_BLEU_4,test_METEOR,test_ROUGE_L,test_CIDEr
funtune_vlci_mimic_cxr,0.41326148120055023,0.2633143328081578,0.18113929607700063,0.1311637271657788,0.1636055586858609,0.31071242567172436,0.2522522762397418,0.40044533435981505,0.245176790224394,0.16494205567288564,0.11864851371430134,0.1498512969718227,0.27999675331668433,0.18879927357456355
